City_ID,City,Country,Lat,Lng,Max Temp,Humidity,Cloudiness,Wind Speed,Current Description
0,Port Alfred,ZA,-33.5906,26.891,66.99,95,98,9.89,overcast clouds
1,Jamestown,US,42.097,-79.2353,15.01,73,90,14.97,light snow
2,College,US,64.8569,-147.8028,-9.0,76,20,2.35,few clouds
3,Puerto Ayora,EC,-0.7393,-90.3518,82.4,74,75,12.66,light rain
4,Carnarvon,AU,-24.8667,113.6333,75.2,100,40,10.36,scattered clouds
5,Albany,US,42.6001,-73.9662,30.0,72,100,10.13,light snow
6,Clyde River,CA,70.4692,-68.5914,-4.0,92,75,20.71,light snow
7,Faanui,PF,-16.4833,-151.75,81.1,77,2,13.0,clear sky
8,Mataura,NZ,-46.1927,168.8643,67.14,50,98,3.09,overcast clouds
9,Thompson,CA,55.7435,-97.8558,-25.6,68,75,17.27,snow
10,Katsuura,JP,35.1333,140.3,42.8,49,20,9.22,few clouds
11,Toamasina,MG,-18.1667,49.3833,77.0,88,40,3.44,scattered clouds
12,Punta Arenas,CL,-53.15,-70.9167,73.4,21,0,14.97,clear sky
13,Talnakh,RU,69.4865,88.3972,-19.95,75,19,2.59,few clouds
14,Torbay,CA,47.6666,-52.7314,30.99,69,20,28.77,few clouds
15,Atambua,ID,-9.1061,124.8925,74.55,89,100,2.84,overcast clouds
16,Portales,US,34.1862,-103.3344,72.0,6,1,17.27,clear sky
17,Ushuaia,AR,-54.8,-68.3,62.6,55,75,6.91,broken clouds
18,Arraial Do Cabo,BR,-22.9661,-42.0278,73.4,88,75,6.91,broken clouds
19,Busselton,AU,-33.65,115.3333,62.01,99,84,1.01,broken clouds
20,Hilo,US,19.7297,-155.09,78.8,50,1,3.44,clear sky
21,Argentan,FR,48.75,-0.0167,35.6,75,90,11.5,light rain
22,Bluff,NZ,-46.6,168.3333,60.21,71,99,4.21,light rain
23,Ribeira Grande,PT,38.5167,-28.7,59.0,77,40,11.5,scattered clouds
24,Castro,BR,-24.7911,-50.0119,63.61,75,0,3.09,clear sky
25,Rikitea,PF,-23.1203,-134.9692,77.65,72,97,13.13,overcast clouds
26,Ushibuka,JP,32.1906,130.0228,52.77,60,61,20.29,broken clouds
27,Tasiilaq,GL,65.6145,-37.6368,26.6,50,0,14.97,clear sky
28,Kouango,CF,4.9934,19.9619,70.52,23,92,1.28,overcast clouds
29,Ceahlau,RO,47.05,25.9667,30.99,48,100,2.3,overcast clouds
30,Airai,TL,-8.9266,125.4092,60.93,100,100,2.46,overcast clouds
31,Kapaa,US,22.0752,-159.319,75.99,56,1,3.44,clear sky
32,Chuy,UY,-33.6971,-53.4616,69.1,72,32,10.38,scattered clouds
33,Vizinga,RU,61.0749,50.1031,-19.39,85,100,9.51,overcast clouds
34,Provideniya,RU,64.3833,-173.3,-2.51,81,61,17.43,broken clouds
35,Kavieng,PG,-2.5744,150.7967,83.95,74,63,9.46,broken clouds
36,Saskylakh,RU,71.9167,114.0833,-37.14,78,30,13.58,scattered clouds
37,Vaini,TO,-21.2,-175.2,78.8,89,75,13.8,moderate rain
38,Padang,ID,-0.9492,100.3543,75.2,88,20,3.44,light rain
39,Cidreira,BR,-30.1811,-50.2056,72.41,69,0,8.93,clear sky
40,Tautira,PF,-17.7333,-149.15,86.0,58,20,4.61,few clouds
41,Boguchany,RU,58.3814,97.4531,28.87,96,71,7.87,broken clouds
42,Hithadhoo,MV,-0.6,73.0833,81.73,70,56,6.64,broken clouds
43,Atuona,PF,-9.8,-139.0333,79.63,74,24,20.87,few clouds
44,Malazgirt,TR,39.1427,42.5401,19.42,86,16,0.4,few clouds
45,Zaoyang,CN,32.1272,112.7542,42.03,63,100,10.54,overcast clouds
46,Conceicao Do Araguaia,BR,-8.2578,-49.2647,73.85,92,100,4.09,overcast clouds
47,Butaritari,KI,3.0707,172.7902,81.28,80,93,19.15,overcast clouds
48,Skjervoy,NO,70.0311,20.9714,29.05,91,100,17.05,light snow
49,Victoria,HK,22.2855,114.1577,66.99,78,0,1.01,clear sky
50,Gamba,GA,-2.65,10.0,78.66,85,100,4.29,overcast clouds
51,Tres Arroyos,AR,-38.3739,-60.2798,59.09,74,99,16.71,overcast clouds
52,Tessalit,ML,20.1986,1.0114,63.45,27,100,9.93,overcast clouds
53,Bengkulu,ID,-3.8004,102.2655,75.2,82,90,5.37,overcast clouds
54,Carutapera,BR,-1.195,-46.02,77.29,90,2,7.07,clear sky
55,Avarua,CK,-21.2078,-159.775,84.2,79,40,13.8,scattered clouds
56,Ancud,CL,-41.8697,-73.8203,75.0,42,0,5.99,clear sky
57,Chapais,CA,49.7834,-74.8492,15.8,79,90,5.75,light snow
58,Hermanus,ZA,-34.4187,19.2345,64.99,79,3,3.6,clear sky
59,Esperance,AU,-33.8667,121.9,62.6,88,19,11.5,few clouds
60,Lakes Entrance,AU,-37.8811,147.981,61.0,63,17,1.99,few clouds
61,Georgetown,MY,5.4112,100.3354,80.6,83,20,1.14,few clouds
62,Kahului,US,20.8947,-156.47,77.0,53,20,8.05,few clouds
63,Ilulissat,GL,69.2167,-51.1,24.8,39,0,5.75,clear sky
64,Northam,GB,51.0333,-4.2167,35.01,72,25,15.01,scattered clouds
65,Narsaq,GL,60.9167,-46.05,35.6,30,66,44.87,broken clouds
66,Necochea,AR,-38.5473,-58.7368,60.01,78,100,17.11,overcast clouds
67,Fayaoue,NC,-20.65,166.5333,80.02,69,79,3.8,broken clouds
68,Dhidhdhoo,MV,6.8833,73.1,80.89,71,45,6.6,scattered clouds
69,Labuhan,ID,-6.8844,112.2051,78.49,85,100,11.39,overcast clouds
70,Lafia,NG,8.4833,8.5167,80.24,16,83,3.4,broken clouds
71,Kyren,RU,51.6828,102.1408,15.46,80,45,2.39,scattered clouds
72,Oranjemund,NA,-28.55,16.4333,63.1,78,0,19.95,clear sky
73,Los Llanos De Aridane,ES,28.6585,-17.9182,62.6,72,0,4.61,clear sky
74,Burnie,AU,-41.0667,145.9167,55.99,69,97,6.02,overcast clouds
75,Faya,SA,18.3851,42.4509,57.2,44,0,11.5,clear sky
76,East London,ZA,-33.0153,27.9116,72.66,80,83,7.52,light rain
77,San Borja,BO,-14.8167,-66.85,83.61,79,99,3.24,overcast clouds
78,Norman Wells,CA,65.282,-126.8329,-20.2,69,40,3.44,scattered clouds
79,Komsomolskiy,UZ,40.4272,71.7189,41.0,81,99,6.91,mist
80,Upernavik,GL,72.7868,-56.1549,18.21,79,2,3.24,clear sky
81,Toora-Khem,RU,52.4675,96.11,4.14,91,78,0.98,broken clouds
82,Mwene-Ditu,CD,-7.0,23.45,65.93,94,100,2.77,overcast clouds
83,Bubaque,GW,11.2833,-15.8333,77.61,67,14,12.73,few clouds
84,Saint Anthony,US,45.0205,-93.218,-2.2,42,1,5.66,clear sky
85,Tabou,CI,4.423,-7.3528,79.38,87,71,7.27,broken clouds
86,Vilhena,BR,-12.7406,-60.1458,84.2,65,40,5.75,scattered clouds
87,Kodiak,US,57.79,-152.4072,30.2,64,1,3.44,clear sky
88,Mattru,SL,7.6244,-11.8332,77.92,84,24,3.49,few clouds
89,Qaanaaq,GL,77.484,-69.3632,13.08,85,65,6.93,broken clouds
90,Rio Gallegos,AR,-51.6226,-69.2181,68.0,40,0,23.02,clear sky
91,Hamilton,US,39.1834,-84.5333,24.8,30,75,11.5,broken clouds
92,Hobart,AU,-42.8794,147.3294,57.99,54,40,12.66,light rain
93,Jacareacanga,BR,-6.2222,-57.7528,76.8,94,100,2.75,overcast clouds
94,Viru,PE,-8.4167,-78.75,73.4,83,0,9.22,clear sky
95,Lebu,CL,-37.6167,-73.65,61.61,83,10,4.7,clear sky
96,Praia Da Vitoria,PT,38.7333,-27.0667,57.2,77,40,15.26,scattered clouds
97,Bethel,US,41.3712,-73.414,30.0,93,90,5.75,light snow
98,Belaya Gora,RU,68.5333,146.4167,-26.16,83,94,3.89,overcast clouds
99,Souillac,MU,-20.5167,57.5167,80.6,78,40,10.36,scattered clouds
100,Balkhash,KZ,46.844,74.9804,28.4,99,84,10.6,broken clouds
101,Mmabatho,ZA,-25.85,25.6333,66.2,94,24,4.61,few clouds
102,Filingue,NE,14.3521,3.3168,80.4,16,92,8.46,overcast clouds
103,Gillette,US,44.2911,-105.5022,0.0,71,20,11.5,few clouds
104,Maldonado,UY,-34.6667,-54.9167,75.2,69,40,13.8,scattered clouds
105,Kemijarvi,FI,66.7131,27.4306,9.09,94,27,7.07,scattered clouds
106,Kudat,MY,6.8837,116.8477,78.8,94,20,2.3,few clouds
107,Belle Fourche,US,44.6714,-103.8522,3.0,71,40,5.75,scattered clouds
108,Vanimo,PG,-2.6741,141.3028,78.31,83,100,4.59,overcast clouds
109,Mayumba,GA,-3.432,10.6554,79.18,85,100,5.19,light rain
110,Taoudenni,ML,22.6783,-3.9836,61.03,31,0,7.36,clear sky
111,Alta Floresta,BR,-9.8756,-56.0861,72.95,94,100,1.97,overcast clouds
112,Bredasdorp,ZA,-34.5322,20.0403,64.4,68,5,5.75,clear sky
113,New Norfolk,AU,-42.7826,147.0587,57.0,66,50,1.99,scattered clouds
114,Mahibadhoo,MV,3.7833,72.9667,80.89,77,6,14.12,clear sky
115,Havre,FR,49.5833,0.3333,33.8,75,90,16.11,light snow
116,Dikson,RU,73.5069,80.5464,-32.1,85,90,16.71,overcast clouds
117,Sitka,US,57.0531,-135.33,35.6,32,1,0.87,clear sky
118,Chagoda,RU,59.164,35.3285,-2.99,91,100,2.13,overcast clouds
119,Lagoa,PT,39.05,-27.9833,57.85,76,97,18.97,overcast clouds
120,Bone,DE,51.9669,12.1396,21.0,92,100,5.99,overcast clouds
121,Townsville,AU,-19.25,146.8,84.2,89,20,5.75,few clouds
122,Peniche,PT,39.3558,-9.3811,57.99,92,93,21.0,light rain
123,Port Elizabeth,ZA,-33.918,25.5701,66.2,94,90,11.5,overcast clouds
124,Aksarka,RU,66.5606,67.7975,-16.6,88,100,29.53,light snow
125,Jaroslaw,PL,50.0162,22.6778,19.99,98,100,19.73,snow
126,Ponta Delgada,PT,37.7333,-25.6667,57.2,77,20,6.91,few clouds
127,Berlevag,NO,70.8578,29.0864,26.6,74,75,25.32,snow
128,Sao Filipe,CV,14.8961,-24.4956,69.8,73,100,12.53,overcast clouds
129,Mubi,NG,10.2676,13.2644,70.45,22,57,2.39,broken clouds
130,Mecca,SA,21.4267,39.8261,72.27,25,0,14.18,clear sky
131,Kiunga,PG,-6.1219,141.2906,75.4,97,100,1.88,overcast clouds
132,Saldanha,ZA,-33.0117,17.9442,62.6,72,0,14.97,clear sky
133,Sola,VU,-13.8833,167.55,81.21,73,100,6.58,overcast clouds
134,Petropavlovsk-Kamchatskiy,RU,53.0452,158.6483,23.0,80,75,4.47,light snow
135,Grindavik,IS,63.8424,-22.4338,33.8,64,0,13.8,clear sky
136,Saint-Philippe,RE,-21.3585,55.7679,80.6,69,75,4.61,light rain
137,Mount Isa,AU,-20.7333,139.5,77.0,100,100,5.75,overcast clouds
138,Cayenne,GF,4.9333,-52.3333,80.6,83,75,13.8,broken clouds
139,Ereymentau,KZ,51.6199,73.1033,16.93,95,45,13.67,scattered clouds
140,Fortuna,US,40.5982,-124.1573,55.0,81,1,11.5,clear sky
141,Batagay,RU,67.6333,134.6333,-33.2,83,28,1.79,scattered clouds
142,Itoman,JP,26.1247,127.6694,62.6,67,20,6.91,few clouds
143,Caravelas,BR,-17.7125,-39.2481,76.6,90,100,7.76,moderate rain
144,Dunedin,NZ,-45.8742,170.5036,61.0,88,89,1.01,overcast clouds
145,Hofn,IS,64.2539,-15.2082,36.18,90,100,17.36,overcast clouds
146,Leningradskiy,RU,69.3833,178.4167,-14.66,82,0,7.34,clear sky
147,Coquimbo,CL,-29.9533,-71.3436,68.0,56,0,13.8,clear sky
148,Muros,ES,42.7762,-9.0603,54.0,89,100,1.01,light rain
149,Bintulu,MY,3.1667,113.0333,75.2,100,40,3.44,light rain
150,Pare,ID,-7.7679,112.198,73.8,91,98,4.09,light rain
151,Puro,PH,12.4841,123.3827,78.28,83,94,16.93,light rain
152,Yellowknife,CA,62.456,-114.3525,-31.0,68,1,6.91,clear sky
153,Barrow,US,71.2906,-156.7887,-25.6,68,20,9.22,few clouds
154,Tongling,CN,30.95,117.7833,45.97,79,100,14.54,light rain
155,Nikolskoye,RU,59.7035,30.7861,17.6,86,75,13.42,light snow
156,Luderitz,NA,-26.6481,15.1594,68.94,56,0,29.44,clear sky
157,Codrington,AU,-38.2667,141.9667,57.81,68,100,11.7,overcast clouds
158,Hovd,MN,48.0056,91.6419,12.42,87,100,0.69,overcast clouds
159,Pemberton,CA,50.3164,-122.8027,35.6,69,75,1.32,broken clouds
160,Pondicherry,IN,11.93,79.83,71.2,79,97,9.86,overcast clouds
161,Anadyr,RU,64.75,177.4833,10.4,52,100,6.71,snow
162,Rincon,US,32.296,-81.2354,51.8,66,90,12.66,overcast clouds
163,Ponta Do Sol,PT,32.6667,-17.1,59.0,70,40,5.01,scattered clouds
164,Najran,SA,17.4924,44.1277,62.6,42,55,2.3,broken clouds
165,Verkhnevilyuysk,RU,63.4453,120.3167,-9.44,87,100,9.01,overcast clouds
166,Kismayo,SO,-0.3582,42.5454,77.14,80,0,16.89,clear sky
167,Arman,RU,59.7,150.1667,11.73,85,100,16.91,overcast clouds
168,Mananjary,MG,-21.2167,48.3333,79.21,87,100,11.79,light rain
169,Bayir,TR,37.2687,28.2167,60.8,67,75,19.57,broken clouds
170,Beringovskiy,RU,63.05,179.3167,2.08,90,100,16.13,overcast clouds
171,Pushkino,RU,56.0172,37.8667,6.8,72,40,11.18,scattered clouds
172,Cape Town,ZA,-33.9258,18.4232,68.0,68,0,18.41,clear sky
173,Sistranda,NO,63.7256,8.834,21.2,86,20,12.66,few clouds
174,Goderich,CA,43.7501,-81.7165,10.4,67,100,13.8,overcast clouds
175,Paracale,PH,14.2804,122.7881,76.73,90,100,11.03,overcast clouds
176,Sao Joao Da Barra,BR,-21.6403,-41.0511,71.6,100,90,4.61,moderate rain
177,Sinnamary,GF,5.3833,-52.95,78.21,84,100,14.79,overcast clouds
178,Prince Rupert,CA,54.3161,-130.3201,33.8,60,1,13.8,clear sky
179,Baiyin,CN,36.5583,104.2081,27.0,38,0,6.71,clear sky
180,Nome,US,64.5011,-165.4064,-2.0,84,1,3.13,clear sky
181,Pevek,RU,69.7008,170.3133,-7.08,85,0,1.41,clear sky
182,Longyearbyen,SJ,78.2186,15.6401,7.57,85,73,8.66,broken clouds
183,Kruisfontein,ZA,-34.0033,24.7314,64.99,91,98,1.01,overcast clouds
184,Nabire,ID,-3.3667,135.4833,76.75,79,78,2.55,broken clouds
185,Ilfracombe,GB,51.2093,-4.1134,37.0,72,68,15.01,broken clouds
186,Ishigaki,JP,24.3448,124.1572,68.0,77,20,12.66,few clouds
187,Valparaiso,CL,-33.0393,-71.6273,68.0,63,0,11.5,clear sky
188,Palora,EC,-1.7,-77.9333,78.8,65,40,5.75,light rain
189,Bonavista,CA,48.6499,-53.1147,30.99,64,0,10.36,clear sky
190,Tacna,PE,-18.0056,-70.2483,75.2,57,0,14.97,clear sky
191,Tiksi,RU,71.6872,128.8694,-28.37,86,37,5.44,scattered clouds
192,Lingao,CN,19.9103,109.6859,67.57,90,97,7.61,overcast clouds
193,Takoradi,GH,4.8845,-1.7554,80.28,86,75,10.65,broken clouds
194,Estelle,US,29.8458,-90.1067,60.01,63,1,6.06,clear sky
195,North Myrtle Beach,US,33.816,-78.68,50.0,71,40,10.36,scattered clouds
196,Hasaki,JP,35.7333,140.8333,32.0,86,75,1.14,light snow
197,Hambantota,LK,6.1241,81.1185,76.78,81,14,15.52,few clouds
198,Astorga,BR,-23.2325,-51.6656,84.2,51,20,5.75,few clouds
199,The Pas,CA,53.8251,-101.2541,-25.6,51,1,16.11,clear sky
200,Bardiyah,LY,31.7561,25.0865,65.37,44,99,16.8,overcast clouds
201,Oranjestad,AW,12.524,-70.027,82.4,69,40,20.71,scattered clouds
202,Khatanga,RU,71.9667,102.5,-29.72,79,0,10.65,clear sky
203,Bonthe,SL,7.5264,-12.505,79.56,83,31,7.4,scattered clouds
204,Visby,SE,57.6409,18.296,17.6,100,66,3.44,broken clouds
205,Sao Desiderio,BR,-12.3633,-44.9733,68.97,92,100,2.75,overcast clouds
206,Saint George,US,37.1041,-113.5841,62.01,22,1,3.51,clear sky
207,Half Moon Bay,US,37.4636,-122.4286,64.99,77,1,11.5,haze
208,Ixtapa,MX,20.7,-105.2,75.2,73,20,11.5,few clouds
209,Ulladulla,AU,-35.35,150.4667,64.99,77,75,8.05,broken clouds
210,Lompoc,US,34.6391,-120.4579,64.99,67,1,12.66,clear sky
211,Kuybysheve,UA,47.358,36.6491,23.02,75,100,7.83,light snow
212,Colares,PT,38.7992,-9.4469,57.99,98,95,23.0,light rain
213,Kanker,IN,20.2719,81.4931,53.37,41,54,1.77,broken clouds
214,Tual,ID,-5.6667,132.75,83.52,78,100,18.7,overcast clouds
215,Maniitsoq,GL,65.4167,-52.9,26.02,80,0,19.28,clear sky
216,Muramvya,BI,-3.2682,29.6079,59.83,96,100,1.05,light rain
217,Ranapur,IN,22.65,74.5333,60.42,32,0,8.14,clear sky
218,Shelburne,CA,44.0787,-80.2041,15.01,83,96,11.14,overcast clouds
219,Seaside,US,36.6111,-121.8516,57.99,76,20,8.05,few clouds
220,Waipawa,NZ,-41.4122,175.5153,70.0,73,75,19.57,broken clouds
221,Kashi,CN,39.4547,75.9797,35.6,48,35,6.71,scattered clouds
222,Aklavik,CA,68.2191,-135.0107,-20.2,76,100,12.66,overcast clouds
223,Farmington,US,36.7281,-108.2187,54.0,16,1,12.66,clear sky
224,Namibe,AO,-15.1961,12.1522,73.0,75,100,4.52,overcast clouds
225,Muisne,EC,0.6,-80.0333,84.2,84,75,5.75,light rain
226,Manzhouli,CN,49.6,117.4333,-11.22,82,0,2.93,clear sky
227,Yar-Sale,RU,66.8333,70.8333,-11.16,89,100,23.49,light snow
228,Ayagoz,KZ,47.9714,80.4392,28.85,97,100,5.35,overcast clouds
229,Cherskiy,RU,68.75,161.3,-3.68,67,6,1.99,clear sky
230,Haines Junction,CA,60.7522,-137.5108,-13.0,53,18,1.14,few clouds
231,Darnah,LY,32.767,22.6367,65.79,40,100,29.51,overcast clouds
232,Tuatapere,NZ,-46.1333,167.6833,64.15,62,100,6.67,light rain
233,Iqaluit,CA,63.7506,-68.5145,30.2,69,90,18.41,light snow
234,Umm Lajj,SA,25.0213,37.2685,71.62,31,0,22.79,clear sky
235,Lohja,FI,60.2486,24.0653,19.99,92,19,5.21,few clouds
236,Hokitika,NZ,-42.7167,170.9667,65.86,65,32,4.94,scattered clouds
237,Camana,PE,-16.6228,-72.7111,74.05,73,92,4.45,overcast clouds
238,Marzuq,YE,14.4,46.4667,60.55,59,0,4.09,clear sky
239,Wajima,JP,37.4,136.9,31.87,94,100,15.46,light snow
240,Bambanglipuro,ID,-7.95,110.2833,75.52,88,90,4.76,light rain
241,Hermiston,US,45.8404,-119.2895,52.0,40,40,18.41,scattered clouds
242,Vila Velha,BR,-20.3297,-40.2925,71.6,94,90,4.61,overcast clouds
243,Kaitangata,NZ,-46.2817,169.8464,68.0,65,100,4.0,overcast clouds
244,Kadhan,PK,24.481,68.9859,62.35,31,0,7.43,clear sky
245,Vadlapudi,IN,14.3167,79.8,66.27,85,100,2.62,overcast clouds
246,Lazaro Cardenas,MX,17.9583,-102.2,80.69,61,0,8.08,clear sky
247,Itarema,BR,-2.9248,-39.9167,80.47,78,0,13.62,clear sky
248,Alofi,NU,-19.0595,-169.9187,84.2,74,40,12.66,scattered clouds
249,Kenai,US,60.5544,-151.2583,14.0,78,1,6.91,clear sky
250,Cam Ranh,VN,11.9214,109.1591,75.2,78,20,10.36,few clouds
251,Matadi,CD,-5.8167,13.45,77.45,90,100,3.87,light rain
252,Zaysan,KZ,47.4667,84.8667,20.53,89,68,0.87,broken clouds
253,Mar Del Plata,AR,-38.0023,-57.5575,62.01,88,90,18.41,overcast clouds
254,Tuktoyaktuk,CA,69.4541,-133.0374,-27.4,75,75,17.27,snow
255,Geraldton,AU,-28.7667,114.6,68.0,88,75,2.3,broken clouds
256,Khandyga,RU,62.6667,135.6,-33.95,83,76,2.42,broken clouds
257,Shubarkuduk,KZ,49.1447,56.4872,-4.61,90,63,11.36,broken clouds
258,Kokstad,ZA,-30.5472,29.4241,64.13,93,95,2.46,light rain
259,Severo-Kurilsk,RU,50.6789,156.125,18.21,88,97,9.24,overcast clouds
260,Were Ilu,ET,10.6,39.4333,49.8,82,68,6.6,broken clouds
261,Saint-Pierre,RE,-21.3393,55.4781,80.6,69,75,4.61,broken clouds
262,Portland,US,45.5234,-122.6762,48.0,66,75,11.5,broken clouds
263,Ballina,AU,-28.8667,153.5667,77.0,65,40,12.66,scattered clouds
264,Seoul,KR,37.5683,126.9778,24.8,50,0,9.22,clear sky
265,Te Anau,NZ,-45.4167,167.7167,62.24,65,100,3.33,moderate rain
266,Awjilah,LY,29.1081,21.2869,67.26,25,100,15.88,overcast clouds
267,Port-Cartier,CA,50.0334,-66.8654,23.0,68,23,2.3,few clouds
268,Roma,US,43.2128,-75.4557,26.6,74,90,12.66,light snow
269,Macherla,IN,16.4833,79.4333,64.76,86,58,3.58,broken clouds
270,Nizhniy Baskunchak,RU,48.2198,46.8311,14.45,77,0,13.02,clear sky
271,Maxixe,MZ,-23.8597,35.3472,78.08,87,100,7.45,overcast clouds
272,Ranong,TH,9.9658,98.6348,74.26,88,15,3.67,few clouds
273,Puerto Baquerizo Moreno,EC,-0.9,-89.6,82.4,83,75,16.11,light rain
274,Madera,US,37.1666,-119.8343,64.0,54,0,1.99,clear sky
275,Porto Santo,PT,33.072,-16.3415,62.6,77,75,16.11,broken clouds
276,Evensk,RU,61.95,159.2333,15.35,90,100,33.76,light snow
277,Cairns,AU,-16.9167,145.7667,81.0,89,95,3.44,overcast clouds
278,Chokurdakh,RU,70.6333,147.9167,-17.57,87,100,9.42,overcast clouds
279,Port Augusta,AU,-32.5,137.7667,62.6,72,0,9.22,clear sky
280,Port Hardy,CA,50.6996,-127.4199,39.2,87,75,9.22,light rain
281,Mehamn,NO,71.0357,27.8492,24.8,74,40,25.32,light snow
282,North Bend,US,43.4065,-124.2243,51.8,62,20,11.5,few clouds
283,Walvis Bay,NA,-22.9575,14.5053,64.99,77,1,11.5,clear sky
284,Rio Grande,BR,-32.035,-52.0986,75.0,68,0,9.62,clear sky
285,Harper,LR,4.375,-7.7169,79.47,87,99,8.08,overcast clouds
286,Saurimo,AO,-9.6608,20.3916,66.63,94,100,4.97,overcast clouds
287,Jalu,LY,29.0331,21.5482,66.4,26,98,15.3,overcast clouds
288,Ostrovnoy,RU,68.0531,39.5131,4.21,92,76,15.73,broken clouds
289,Buchanan,LR,5.8808,-10.0467,77.0,94,20,7.54,few clouds
290,Praia,CV,14.9215,-23.5087,68.0,68,40,19.57,scattered clouds
291,Krivosheino,RU,57.3431,83.9261,11.68,94,100,12.37,overcast clouds
292,Champerico,GT,14.3,-91.9167,93.2,43,40,6.91,scattered clouds
293,Bathsheba,BB,13.2167,-59.5167,80.6,61,20,19.57,few clouds
294,Conde,BR,-7.2597,-34.9075,82.4,78,75,9.22,broken clouds
295,Fort Frances,CA,48.5999,-93.4003,-11.0,44,1,10.36,clear sky
296,Shunyi,CN,40.125,116.6453,28.99,57,0,2.24,clear sky
297,Sudak,UA,44.85,34.9667,35.04,87,100,9.73,overcast clouds
298,Henties Bay,NA,-22.116,14.2845,64.99,86,99,5.01,overcast clouds
299,Camacha,PT,33.0833,-16.3333,62.6,77,75,16.11,broken clouds
300,Fort Nelson,CA,58.8053,-122.7002,-14.8,70,75,11.5,snow
301,Colchester,GB,51.8892,0.9042,28.99,100,99,1.01,light snow
302,Cururupu,BR,-1.8283,-44.8683,76.75,90,4,3.42,clear sky
303,Yantzaza,EC,-3.8278,-78.7594,82.63,57,42,3.74,light rain
304,Moron,AR,-34.6534,-58.6198,91.0,31,0,4.0,clear sky
305,Bose,IT,45.4612,8.0137,44.01,98,100,3.53,light rain
306,Shenjiamen,CN,29.9576,122.298,48.83,84,100,18.75,overcast clouds
307,Takhtamygda,RU,54.1,123.5667,-20.78,83,0,1.77,clear sky
308,Phek,IN,25.6667,94.5,36.82,100,11,1.14,few clouds
309,Barranquilla,CO,10.9639,-74.7964,86.0,62,20,12.66,few clouds
310,Salalah,OM,17.0151,54.0924,73.4,68,75,4.61,broken clouds
311,Port Lincoln,AU,-34.7333,135.8667,61.14,76,78,15.97,broken clouds
312,Maloy,NO,61.9353,5.1136,25.0,58,0,8.05,clear sky
313,Chumikan,RU,54.7183,135.315,-6.95,83,100,26.98,overcast clouds
314,Inuvik,CA,68.3499,-133.7218,-20.2,76,100,12.66,overcast clouds
315,Khani,GE,41.9563,42.9566,44.6,93,75,2.3,broken clouds
316,Bambous Virieux,MU,-20.3428,57.7575,80.6,78,40,10.36,light rain
317,Mahebourg,MU,-20.4081,57.7,80.6,78,40,10.36,light rain
318,Vila Do Maio,CV,15.1333,-23.2167,68.0,68,40,19.57,scattered clouds
319,Jones,PH,16.5571,121.7029,68.47,93,30,1.59,scattered clouds
320,Porosozero,RU,62.7191,32.727,-3.86,92,49,4.16,scattered clouds
321,Goundam,ML,16.4145,-3.6708,72.34,20,100,10.6,overcast clouds
322,Sur,OM,22.5667,59.5289,64.18,72,0,4.34,clear sky
323,Douglas,US,41.3,-96.167,8.01,66,90,6.91,light snow
324,Singaraja,ID,-8.112,115.0882,76.78,81,100,3.04,overcast clouds
325,Shreveport,US,32.5251,-93.7502,51.01,66,90,9.22,overcast clouds
326,Porto Novo,BJ,6.4965,2.6036,84.2,84,40,12.66,scattered clouds
327,Anchorage,US,61.2181,-149.9003,12.99,78,20,3.44,haze
328,Vestmanna,FO,62.1564,-7.1664,37.4,56,75,13.8,broken clouds
329,Golden,US,39.7555,-105.2211,54.0,11,20,34.52,few clouds
330,Barcelos,PT,41.5388,-8.6151,55.4,94,40,12.66,scattered clouds
331,Makakilo City,US,21.3469,-158.0858,78.8,41,1,6.91,clear sky
332,Axim,GH,4.8699,-2.2405,80.24,85,67,9.6,broken clouds
333,Verkh-Chebula,RU,56.0308,87.6218,18.43,93,50,11.83,scattered clouds
334,Asau,RO,46.4333,26.4,30.0,73,97,2.24,overcast clouds
335,Zhangjiakou,CN,40.81,114.8794,17.01,79,0,4.68,clear sky
336,Vostok,RU,46.4856,135.8833,-15.92,89,100,3.8,overcast clouds
337,Oruro,BO,-17.9833,-67.15,62.6,45,75,12.66,broken clouds
338,Moussoro,TD,13.6408,16.4901,70.81,20,7,12.37,clear sky
339,Deputatskiy,RU,69.3,139.9,-27.54,85,20,1.57,few clouds
340,Korla,CN,41.7597,86.1469,32.45,76,23,7.4,few clouds
341,Sandovo,RU,58.4602,36.4128,-9.67,89,25,3.91,scattered clouds
342,Cabo San Lucas,MX,22.8909,-109.9124,75.0,56,20,12.66,few clouds
343,Daru,PG,-9.0763,143.2092,79.72,83,65,9.84,broken clouds
344,Salta,AR,-24.7859,-65.4117,80.6,47,40,5.75,scattered clouds
345,Pimentel,PE,-6.8367,-79.9342,82.4,54,0,19.57,clear sky
346,Ahipara,NZ,-35.1667,173.1667,71.13,60,9,9.01,clear sky
347,Kangasala,FI,61.4638,24.076,21.2,79,90,5.75,overcast clouds
348,Beterou,BJ,9.1992,2.2586,79.23,17,48,3.04,scattered clouds
349,Juneau,US,58.3019,-134.4197,28.99,79,75,4.61,broken clouds
350,Constitucion,CL,-35.3333,-72.4167,64.4,76,2,8.37,clear sky
351,Mitzic,GA,0.7821,11.549,70.59,94,95,3.94,light rain
352,Ormond Beach,US,29.2858,-81.0559,66.99,72,40,9.22,scattered clouds
353,Alcala La Real,ES,37.4614,-3.923,46.4,76,75,1.14,broken clouds
354,Pokhara,NP,28.2333,83.9833,52.38,37,0,3.11,clear sky
355,Santa Lucia,ES,27.9117,-15.5407,62.6,72,40,8.05,scattered clouds
356,Caxito,AO,-8.5785,13.6643,78.8,83,40,6.91,scattered clouds
357,Gazanjyk,TM,39.2446,55.5154,48.04,78,83,12.71,broken clouds
358,Ostersund,SE,63.1792,14.6357,15.8,86,0,9.22,clear sky
359,Pacific Grove,US,36.6177,-121.9166,57.99,76,20,8.05,few clouds
360,Algete,ES,40.5971,-3.4974,43.0,87,75,14.97,broken clouds
361,Vestmannaeyjar,IS,63.4427,-20.2734,38.77,74,50,22.57,scattered clouds
362,Kindu,CD,-2.95,25.95,72.55,80,97,0.98,overcast clouds
363,Avera,US,33.194,-82.5271,51.8,62,1,5.75,clear sky
364,Manono,CD,-7.3,27.4167,71.4,91,100,1.5,light rain
365,Impfondo,CG,1.6381,18.0667,76.21,60,89,1.59,overcast clouds
366,Celestun,MX,20.8667,-90.4,77.09,76,1,11.34,clear sky
367,Adrar,MR,20.5022,-10.0711,59.49,33,0,9.93,clear sky
368,Saint-Joseph,RE,-21.3667,55.6167,80.6,69,75,4.61,light rain
369,Belmonte,BR,-15.8631,-38.8828,80.6,78,75,11.5,broken clouds
370,Broken Hill,AU,-31.95,141.4333,60.8,55,0,11.5,clear sky
371,San Juan,AR,-31.5375,-68.5364,93.56,21,7,18.37,clear sky
372,Nalut,LY,30.3333,10.85,58.51,33,0,15.88,clear sky
373,Cabra,ES,37.4725,-4.4421,48.0,81,98,9.35,overcast clouds
374,San Patricio,US,28.017,-97.5169,77.0,43,40,13.8,scattered clouds
375,Zeya,RU,53.75,127.2667,-15.47,82,0,3.15,clear sky
376,Shwebo,MM,22.5667,95.7,60.42,63,0,5.19,clear sky
377,Nokaneng,BW,-19.6667,22.2667,69.22,94,100,11.45,moderate rain
378,Manta,EC,-0.95,-80.7333,84.2,74,75,11.5,broken clouds
379,Semey,KZ,50.4111,80.2275,28.85,94,97,13.29,light snow
380,Nemuro,JP,43.3236,145.575,13.28,86,2,9.84,clear sky
381,Chalchihuites,MX,23.4833,-103.8833,71.06,20,97,21.34,overcast clouds
382,Wahiawa,US,21.5028,-158.0236,78.8,53,1,1.61,clear sky
383,Srednekolymsk,RU,67.45,153.6833,-13.88,84,80,3.06,broken clouds
384,Tukan,RU,53.8409,57.4552,-12.62,88,100,9.06,overcast clouds
385,Metro,ID,-5.1131,105.3067,73.47,95,95,7.34,overcast clouds
386,Bulgan,MN,48.8125,103.5347,10.35,83,0,4.0,clear sky
387,Ugoofaaru,MV,5.6667,73.0,81.27,72,10,9.13,clear sky
388,Teocelo,MX,19.3833,-96.9667,66.25,77,63,5.1,broken clouds
389,Jijiga,ET,9.35,42.8,57.38,85,24,9.35,few clouds
390,Tabas,IR,33.5959,56.9244,60.8,39,94,11.5,overcast clouds
391,Male,MV,4.1748,73.5089,82.4,89,75,11.5,broken clouds
392,Turukhansk,RU,65.8167,87.9833,10.44,95,99,18.97,overcast clouds
393,Manzanillo,CU,20.3433,-77.1167,83.01,63,19,10.58,few clouds
394,Lircay,PE,-12.9896,-74.7205,50.45,73,99,6.67,overcast clouds
395,Salamiyah,SY,35.0113,37.0532,51.03,89,0,8.12,clear sky
396,Havelock,US,34.8791,-76.9013,46.99,76,75,18.41,broken clouds
397,San Policarpo,PH,12.1791,125.5072,80.2,84,100,19.33,light rain
398,Coihaique,CL,-45.5752,-72.0662,78.8,27,0,8.05,clear sky
399,Nioro,GM,13.35,-15.75,77.14,17,96,8.16,overcast clouds
400,Biltine,TD,14.5333,20.9167,68.07,21,15,13.73,few clouds
401,Lincoln,US,40.8,-96.667,6.8,66,90,12.66,light snow
402,Hervey Bay,AU,-25.2986,152.8535,80.01,87,25,3.0,scattered clouds
403,Dwarka,IN,22.2394,68.9678,69.26,51,0,13.73,clear sky
404,Nouadhibou,MR,20.931,-17.0347,64.4,72,0,18.41,clear sky
405,Turbat,PK,26.0023,63.044,53.85,42,0,1.32,clear sky
406,West Wendover,US,40.7391,-114.0733,57.2,7,1,21.85,clear sky
407,Aksha,RU,50.2814,113.2867,-1.32,89,2,3.2,clear sky
408,Mohpa,IN,21.3167,78.8167,55.04,37,70,3.71,broken clouds
409,Husavik,IS,66.0449,-17.3389,32.0,74,90,3.44,overcast clouds
410,Antofagasta,CL,-23.65,-70.4,69.8,64,20,14.97,few clouds
411,Rafsanjan,IR,30.4067,55.9939,51.76,54,39,2.64,scattered clouds
412,Davidson,US,36.1501,-86.7833,37.99,60,75,5.5,broken clouds
413,Staraya Russa,RU,57.9944,31.3608,7.83,96,56,4.83,broken clouds
414,Chumphon,TH,10.3333,98.8333,67.82,100,2,1.77,clear sky
415,San Quintin,MX,30.4833,-115.95,65.82,51,0,9.84,clear sky
416,Sterlibashevo,RU,53.4376,55.2578,-8.97,88,100,15.28,overcast clouds
417,Lorengau,PG,-2.0226,147.2712,83.26,77,100,6.22,overcast clouds
418,Abu Dhabi,AE,24.4667,54.3667,69.8,78,0,5.75,clear sky
419,Pecos,US,31.4229,-103.4932,78.8,7,1,17.27,clear sky
420,Saint Stephen,GB,50.3333,-4.9,37.4,69,75,8.05,broken clouds
421,Dingle,PH,10.9995,122.6711,75.61,92,100,8.99,light rain
422,Sobotka,PL,50.8999,16.7444,21.0,79,75,14.97,snow
423,Yuanping,CN,38.7153,112.7575,25.75,72,0,2.68,clear sky
424,Ekibastuz,KZ,51.6667,75.3667,15.24,94,98,11.79,overcast clouds
425,Olavarria,AR,-36.8927,-60.3225,75.6,45,0,21.03,clear sky
426,Kon Tum,VN,14.35,108.0,61.05,92,1,2.51,clear sky
427,Nuevo Progreso,MX,23.1667,-97.95,77.0,71,0,5.99,clear sky
428,Hualmay,PE,-11.0964,-77.6139,75.16,67,98,10.0,overcast clouds
429,San Cristobal,VE,7.7669,-72.225,86.0,54,40,6.91,scattered clouds
430,Am Timan,TD,11.0297,20.2827,67.64,23,36,5.66,scattered clouds
431,Xuddur,SO,4.1213,43.8894,70.54,73,28,15.95,scattered clouds
432,Safaga,EG,26.7292,33.9365,60.8,72,0,5.79,clear sky
433,Sambava,MG,-14.2667,50.1667,76.87,87,98,4.18,overcast clouds
434,Porto Velho,BR,-8.7619,-63.9039,86.0,66,40,3.44,heavy intensity rain
435,Omsukchan,RU,62.5333,155.8,4.68,86,100,15.93,overcast clouds
436,Kingman,US,35.1894,-114.053,66.2,12,1,4.61,clear sky
437,Abeche,TD,13.8292,20.8324,69.15,20,20,14.2,few clouds
438,San Rafael,AR,-34.6177,-68.3301,73.54,46,0,25.19,clear sky
439,Lata,PT,40.1629,-8.3327,55.99,93,100,1.99,light rain
440,Klaksvik,FO,62.2266,-6.589,37.4,56,75,13.8,broken clouds
441,Vila Franca Do Campo,PT,37.7167,-25.4333,57.2,77,20,6.91,few clouds
442,Marawi,PH,7.9986,124.2928,73.99,95,100,1.01,overcast clouds
443,Kamalpur,IN,24.2,91.8333,54.27,71,0,0.36,clear sky
444,Kedrovyy,RU,56.1667,91.8167,33.8,64,40,6.71,scattered clouds
445,Sfantu Gheorghe,RO,45.8667,25.7833,39.0,82,79,5.99,broken clouds
446,Almenara,BR,-16.1836,-40.6944,75.29,84,99,1.1,overcast clouds
447,Urucui,BR,-7.2294,-44.5561,80.31,71,73,2.42,heavy intensity rain
448,Slobozia,MD,46.7281,29.7078,23.0,93,90,11.5,light intensity drizzle
449,Bichena,ET,10.45,38.2,54.64,41,20,2.06,few clouds
450,Kalmunai,LK,7.4167,81.8167,76.53,88,22,10.31,few clouds
451,Beira,MZ,-19.8436,34.8389,80.6,94,75,4.61,light rain
452,Manuk Mangkaw,PH,4.8,119.85,81.01,81,100,10.29,overcast clouds
453,Alpena,US,45.0617,-83.4327,10.99,52,75,10.36,broken clouds
454,Qingdao,CN,36.0986,120.3719,28.99,73,0,2.24,clear sky
455,Hami,CN,42.8,93.45,30.24,79,77,1.86,broken clouds
456,Sioux Lookout,CA,50.1001,-91.917,-11.2,49,1,12.66,clear sky
457,Staunton,US,38.1496,-79.0717,39.2,56,1,6.91,clear sky
458,Verkhoyansk,RU,67.5447,133.385,-32.87,81,7,2.17,clear sky
459,Pisco,PE,-13.7,-76.2167,77.0,73,75,10.36,broken clouds
460,Haileybury,CA,47.449,-79.6373,10.4,56,90,10.36,overcast clouds
461,Bundaberg,AU,-24.85,152.35,84.99,83,75,8.05,moderate rain
462,Trat,TH,12.5,102.5,72.16,92,20,1.25,few clouds
463,Egvekinot,RU,66.3167,-179.1667,-12.3,85,0,14.38,clear sky
464,Zhigansk,RU,66.7697,123.3711,-32.87,78,3,5.68,clear sky
465,Dukat,RU,62.55,155.55,4.75,86,100,16.22,overcast clouds
466,Kingaroy,AU,-26.5333,151.8333,75.2,88,90,9.22,overcast clouds
467,Derzhavinsk,KZ,51.1,66.3167,13.55,96,100,3.85,light snow
468,Chicama,PE,-7.8447,-79.1469,73.4,83,0,9.22,clear sky
469,Porto Seguro,BR,-16.4497,-39.0647,80.6,78,75,11.5,broken clouds
470,Gravdal,NO,68.1214,13.5031,32.0,69,40,12.66,scattered clouds
471,Tazmalt,DZ,36.3868,4.3989,49.23,75,71,7.38,broken clouds
472,Fare,PF,-16.7,-151.0167,81.36,75,71,12.75,broken clouds
473,Kargasok,RU,59.0556,80.8572,7.92,93,100,13.31,overcast clouds
474,Chipinge,ZW,-20.1883,32.6236,64.89,94,86,3.85,overcast clouds
475,Vardo,NO,70.3705,31.1107,23.0,86,90,36.82,snow
476,Guerrero Negro,MX,27.9769,-114.0611,76.42,20,0,10.76,clear sky
477,Vila,PT,42.0304,-8.1588,48.0,96,100,21.0,light rain
478,Paamiut,GL,61.994,-49.6678,27.03,84,57,10.13,broken clouds
479,Turkistan,KZ,43.0,68.0,45.66,88,100,6.2,overcast clouds
480,Garmsar,IR,35.2182,52.3409,52.18,69,92,3.78,overcast clouds
481,Satipo,PE,-11.2522,-74.6386,79.36,81,99,1.77,overcast clouds
482,Hirara,JP,24.8,125.2833,64.4,82,20,6.91,few clouds
483,Acqui Terme,IT,44.6751,8.4675,45.0,91,99,2.89,overcast clouds
484,Qaqortoq,GL,60.7167,-46.0333,35.6,30,63,44.87,broken clouds
485,Yulara,AU,-25.2406,130.9889,69.8,40,0,5.75,clear sky
486,Luena,AO,-11.7833,19.9167,64.42,97,100,6.22,light rain
487,Chikhli,IN,20.35,76.25,59.13,32,53,7.81,broken clouds
488,Paita,PE,-5.0892,-81.1144,78.51,67,12,15.88,few clouds
489,Lamu,KE,-2.2717,40.902,80.6,83,20,5.75,few clouds
490,Noumea,NC,-22.2763,166.4572,80.6,78,0,3.44,clear sky
491,Tottori,JP,35.5,134.2333,39.2,93,75,21.85,broken clouds
492,Sabinas Hidalgo,MX,26.5,-100.1667,76.51,26,49,10.2,scattered clouds
493,Mapimi,MX,25.8167,-103.85,78.01,13,75,3.44,broken clouds
494,Urumqi,CN,43.801,87.6005,12.2,85,100,2.24,mist
495,Mount Gambier,AU,-37.8333,140.7667,55.4,76,90,9.22,overcast clouds
496,Vrangel,RU,42.7297,133.0839,6.01,86,3,18.28,clear sky
497,Mugma,IN,23.7667,86.7333,59.58,55,0,6.29,clear sky
498,San Ramon,US,37.7799,-121.978,68.0,48,1,9.22,clear sky
499,Nanortalik,GL,60.1432,-45.2371,29.79,88,94,12.68,overcast clouds
500,Mackay,AU,-21.15,149.2,82.4,83,51,3.44,broken clouds
501,Lang Suan,TH,9.9456,99.0785,74.7,88,9,2.42,clear sky
502,Aswan,EG,24.0934,32.907,60.57,51,0,11.12,clear sky
503,Natal,BR,-5.795,-35.2094,82.4,78,20,12.66,few clouds
504,Tabuk,PH,17.4189,121.4443,70.12,90,51,1.63,broken clouds
505,Yuancheng,CN,36.652,107.7896,29.14,83,45,2.64,scattered clouds
506,Shestakovo,RU,56.4915,103.96,17.13,92,97,7.05,overcast clouds
507,Twentynine Palms,US,34.1356,-116.0542,75.0,10,20,3.44,few clouds
508,Barcarena,BR,-1.5058,-48.6258,78.8,78,40,10.36,scattered clouds
509,Karratha,AU,-20.7377,116.8463,77.29,71,4,6.8,clear sky
510,Port Hawkesbury,CA,45.6169,-61.3485,28.99,54,90,3.47,light snow
511,Vao,NC,-22.6667,167.4833,77.27,83,84,5.12,broken clouds
512,Puerto Escondido,MX,15.85,-97.0667,86.0,70,40,6.91,scattered clouds
513,Marsabit,KE,2.3284,37.9899,72.7,54,50,8.68,scattered clouds
514,Jieshi,CN,22.8134,115.8257,61.93,86,0,13.96,clear sky
515,Dawlatabad,AF,36.4141,64.9053,53.89,49,60,3.74,broken clouds
516,Tadine,NC,-21.55,167.8833,79.95,75,76,3.36,broken clouds
517,Juruti,BR,-2.1522,-56.0922,84.45,61,59,2.64,moderate rain
518,Pangody,RU,65.85,74.4859,1.27,93,100,19.01,light snow
519,Matagami,CA,49.7502,-77.6328,6.8,66,90,9.22,light snow
520,Quatre Cocos,MU,-20.2078,57.7625,80.6,78,40,10.36,scattered clouds
521,Broome,US,42.2506,-75.833,27.0,63,40,12.66,scattered clouds
522,Luwuk,ID,-0.9516,122.7875,78.19,74,100,2.01,overcast clouds
523,Manaure,CO,11.7751,-72.4445,85.03,56,100,16.49,overcast clouds
524,Bakreswar,IN,23.8833,87.3667,59.58,56,0,7.58,clear sky
525,Nanchang,CN,28.6833,115.8833,53.51,82,100,12.26,light rain
526,Borgarnes,IS,64.5383,-21.9206,35.6,51,0,11.5,clear sky
527,Paragominas,BR,-2.9667,-47.4833,80.11,75,81,1.39,broken clouds
528,Lewistown,US,40.5992,-77.5714,32.0,51,1,16.11,clear sky
529,Poso,ID,-1.3959,120.7524,78.01,84,42,4.14,scattered clouds
530,La Rioja,ES,42.25,-2.5,42.8,87,0,3.44,clear sky
531,Flinders,AU,-34.5833,150.8552,68.0,78,56,3.0,broken clouds
532,Boyolangu,ID,-8.1181,111.8935,74.98,90,100,7.78,overcast clouds
533,Quelimane,MZ,-17.8786,36.8883,76.62,88,81,0.74,broken clouds
534,Nofoalii,WS,-13.8217,-171.9587,82.4,89,75,23.02,light rain
535,Lashio,MM,22.9333,97.75,50.79,98,4,2.06,clear sky
536,Berdigestyakh,RU,62.0989,126.6992,-28.61,84,0,4.97,clear sky
537,Cap Malheureux,MU,-19.9842,57.6142,77.0,85,66,1.99,moderate rain
538,Ankazoabo,MG,-22.2833,44.5167,72.88,91,62,3.22,moderate rain
539,Kangaatsiaq,GL,68.3065,-53.4641,20.07,85,0,19.19,clear sky
540,Loucna Nad Desnou,CZ,50.0743,17.0905,17.01,94,100,3.0,light snow
541,Lasa,IT,46.6166,10.7002,39.99,100,90,4.61,mist
542,Chapada Dos Guimaraes,BR,-15.4606,-55.7497,89.6,40,0,9.22,clear sky
543,Middle Island,US,40.8843,-72.9373,30.99,93,90,13.8,light snow
544,Gunnedah,AU,-30.9833,150.25,71.01,73,0,4.0,clear sky
545,Gopalpur,IN,19.2667,84.9167,66.07,83,85,4.68,overcast clouds
546,Porto Da Folha,BR,-9.9172,-37.2783,82.35,64,99,18.43,overcast clouds
547,Port Macquarie,AU,-31.4333,152.9167,75.99,74,100,13.29,overcast clouds
548,Yatou,CN,37.15,122.3833,27.05,83,0,12.95,clear sky
549,Arlit,NE,18.7369,7.3853,68.09,19,100,2.62,overcast clouds
550,Abadiania,BR,-16.2042,-48.7069,68.0,100,75,3.44,light intensity drizzle
551,Alice Springs,AU,-23.7,133.8833,75.99,35,40,14.72,scattered clouds
552,Zaraza,VE,9.3503,-65.3245,83.98,54,95,10.25,overcast clouds
553,Taiyuan,CN,37.8694,112.5603,19.4,68,0,2.24,clear sky
554,Osterburg,DE,52.7833,11.7667,26.01,54,100,8.01,overcast clouds
555,Mutsu,JP,41.2894,141.2169,23.0,74,75,10.36,light snow
556,Osoyoos,CA,49.0331,-119.4524,35.6,48,70,2.3,broken clouds
557,Uarini,BR,-2.99,-65.1083,82.4,83,40,6.91,scattered clouds
558,Clarence Town,AU,-32.5833,151.7833,73.0,73,40,13.8,scattered clouds
559,Tongliao,CN,43.6125,122.2653,-3.33,88,0,7.47,clear sky
560,Jardim,BR,-21.4803,-56.1381,76.24,62,0,4.41,clear sky
561,Morant Bay,JM,17.8815,-76.4093,84.99,65,20,24.16,few clouds
562,Maningrida,AU,-12.0667,134.2667,78.64,86,100,9.51,overcast clouds
563,New Ulm,US,44.3125,-94.4605,-2.99,59,90,3.44,overcast clouds
564,Ossora,RU,59.2353,163.0719,26.06,98,100,37.45,snow
565,Yaounde,CM,3.8667,11.5167,75.2,94,20,2.3,few clouds
566,Obigarm,TJ,38.7173,69.7088,41.23,65,100,5.95,overcast clouds
567,Hede,CN,33.7681,120.2517,34.66,82,98,10.76,overcast clouds
568,Pangnirtung,CA,66.1451,-65.7125,33.8,44,20,16.11,few clouds
569,Silver City,US,32.7701,-108.2803,64.4,9,1,21.85,clear sky
570,Ambon,ID,-3.6954,128.1814,77.0,88,40,4.61,scattered clouds
571,Moroni,KM,-11.7022,43.2551,81.36,75,99,9.15,light rain
572,Santo Antonio,BR,-6.3106,-35.4789,82.4,78,20,12.66,few clouds
573,Bar-Le-Duc,FR,48.75,5.1667,33.8,93,90,4.61,light snow
574,Istok,XK,42.7808,20.4875,48.2,66,0,12.66,clear sky
575,Olmos,PE,-5.9847,-79.7453,87.82,40,17,12.48,few clouds
576,Darhan,MN,49.4867,105.9228,2.66,87,13,5.39,few clouds
577,Kayankulam,IN,9.1833,76.5,72.84,71,13,7.07,few clouds
578,Mundo Nuevo,MX,18.7,-95.5,75.7,76,39,9.89,scattered clouds
579,Tomohon,ID,1.3346,124.8392,75.2,94,40,5.75,scattered clouds
580,Igrim,RU,63.1906,64.4162,-5.64,91,100,10.92,light snow
581,Jinchang,CN,38.4953,102.1739,28.53,68,12,4.72,few clouds
582,Soyo,AO,-6.1349,12.3689,80.74,84,100,7.29,overcast clouds
583,Chiredzi,ZW,-21.05,31.6667,73.09,68,89,1.48,overcast clouds
584,Kutum,SD,14.2,24.6667,52.2,39,0,6.26,clear sky
585,Ypsonas,CY,34.6884,32.9574,53.6,87,20,1.28,few clouds
586,Ola,RU,59.5833,151.2833,12.38,86,100,21.83,overcast clouds
587,Kamyshin,RU,50.0983,45.416,2.79,88,10,13.58,clear sky
588,Grand Gaube,MU,-20.0064,57.6608,77.0,85,64,1.99,moderate rain
589,Neveklov,CZ,49.7537,14.5329,25.0,86,100,10.33,snow
590,Kyabe,TD,9.4515,18.9449,70.11,20,69,5.08,broken clouds
591,Karaton,ID,-6.3424,106.1045,79.0,89,40,9.22,moderate rain
592,Garowe,SO,8.4054,48.4845,68.61,78,1,10.76,clear sky
593,Binabalian,PH,16.4202,119.9279,78.37,79,3,10.98,clear sky
594,Bobrovka,RU,54.047,61.7455,-4.63,87,32,12.01,scattered clouds
595,Bonfim,BR,3.0833,-59.95,84.2,74,20,13.8,few clouds
596,Adre,TD,13.4667,22.2,57.96,30,0,7.67,clear sky
597,Rehoboth,NA,-23.3167,17.0833,76.77,26,0,5.17,clear sky
598,Livingston,GB,55.9029,-3.5226,33.8,64,90,13.8,overcast clouds
599,Portobelo,PA,9.55,-79.65,84.99,99,27,12.39,scattered clouds
600,Presidencia Roque Saenz Pena,AR,-26.7852,-60.4388,87.78,24,0,6.44,clear sky
601,Tobe,JP,33.7447,132.7901,51.8,76,20,14.97,few clouds
602,Fomboni,KM,-12.28,43.7425,83.75,73,100,8.75,moderate rain
603,Balabac,PH,7.9868,117.0645,80.4,82,98,9.31,overcast clouds
604,Pacifica,US,37.6138,-122.4869,60.8,59,20,7.67,few clouds
605,Bindura,ZW,-17.3019,31.3306,66.99,82,99,1.01,overcast clouds
606,Okato,NZ,-39.2,173.8833,66.99,84,3,5.99,clear sky
607,Mantua,IT,45.1667,10.7833,48.99,96,63,1.01,broken clouds
608,Plettenberg Bay,ZA,-34.0527,23.3716,64.85,77,84,6.17,broken clouds
609,Dawei,MM,14.0833,98.2,69.93,69,0,2.39,clear sky
610,Navolato,MX,24.7672,-107.6944,81.0,36,75,5.75,broken clouds
611,Alcudia,ES,39.8532,3.1214,45.0,81,20,3.44,few clouds
612,Spearfish,US,44.4908,-103.8594,3.0,71,20,4.61,few clouds
613,Kijang,KR,35.2442,129.2139,35.6,25,0,6.91,clear sky
614,Port-Gentil,GA,-0.7193,8.7815,78.8,89,20,6.55,few clouds
615,Altay,CN,47.8667,88.1167,20.98,82,54,3.83,broken clouds
616,San Francisco,US,37.7749,-122.4194,64.99,59,20,4.74,few clouds
617,Buin,CL,-33.7333,-70.75,78.8,44,0,4.61,clear sky
618,Batemans Bay,AU,-35.7167,150.1833,64.99,70,38,2.93,scattered clouds
619,Vannes,FR,47.8333,-2.5,35.6,80,0,9.22,clear sky
620,Sri Aman,MY,1.2376,111.4621,75.2,100,90,0.85,overcast clouds
621,Camacari,BR,-12.6975,-38.3242,84.2,74,40,17.27,scattered clouds
622,Chernaya Kholunitsa,RU,58.8511,51.7154,-18.33,87,100,8.81,light snow
623,Santa Cruz,BO,-17.8,-63.1667,91.4,48,40,8.05,scattered clouds
624,San-Pedro,CI,4.7485,-6.6363,79.0,89,85,7.14,overcast clouds
625,Show Low,US,34.2542,-110.0298,59.0,17,1,10.36,clear sky
626,Eureka,US,40.8021,-124.1637,55.99,68,0,7.0,clear sky
627,Tawang,IN,27.5833,91.8667,29.19,77,0,8.08,clear sky
628,Surt,LY,31.2089,16.5887,69.03,29,100,14.25,overcast clouds
629,Rajbiraj,NP,26.5333,86.75,55.44,60,0,4.5,clear sky
630,Santa Rosa,PH,14.3122,121.1114,77.0,78,20,1.14,few clouds
631,Mayo,US,38.8876,-76.5119,41.0,87,75,4.61,broken clouds
632,Fairbanks,US,64.8378,-147.7164,-8.0,76,1,2.21,clear sky
633,High Level,CA,58.5169,-117.136,-18.4,69,75,1.9,broken clouds
634,Forestville,US,38.8451,-76.875,42.8,75,40,6.91,scattered clouds
635,Ust-Kuyga,RU,70.0167,135.6,-28.88,81,0,0.11,clear sky
636,Tiffin,US,41.1145,-83.178,14.0,71,100,8.25,overcast clouds
637,Torredonjimeno,ES,37.7675,-3.9578,51.01,71,100,9.78,overcast clouds
638,Menongue,AO,-14.6585,17.691,66.52,88,100,2.35,light rain
639,Sendafa,ET,9.15,39.0333,51.28,88,55,4.03,light rain
640,Lamar,US,33.6668,-95.5836,48.0,71,90,16.11,overcast clouds
641,Pierre,US,44.3683,-100.351,-0.4,71,90,16.11,overcast clouds
642,Mount Pleasant,US,32.7941,-79.8626,51.8,71,90,9.22,overcast clouds
643,Grand Island,US,40.925,-98.342,5.0,78,90,14.97,light snow
644,Hiranagar,IN,32.45,75.2667,52.0,50,0,1.12,clear sky
645,Jilib,SO,0.4883,42.7854,74.66,81,0,8.39,clear sky
646,Foz,ES,43.5692,-7.2544,52.0,100,100,10.0,light rain
647,Naze,JP,28.3667,129.4833,59.0,67,40,4.61,scattered clouds
648,Ust-Ilimsk,RU,58.0006,102.6619,22.03,94,100,9.37,overcast clouds
649,Wexford,IE,52.3342,-6.4575,37.0,70,100,8.99,overcast clouds
650,Qasigiannguit,GL,68.8193,-51.1922,24.8,39,0,5.75,clear sky
651,Kilindoni,TZ,-7.9139,39.6668,82.31,81,86,13.15,overcast clouds
652,Sharan,RU,54.8167,54.0,-4.86,90,100,15.5,light snow
653,Gympie,AU,-26.1898,152.665,71.01,94,53,1.99,broken clouds
654,Kondagaon,IN,19.6,81.6667,53.8,41,58,3.56,broken clouds
655,Richards Bay,ZA,-28.783,32.0377,74.68,94,57,7.58,light rain
656,Sharanga,RU,57.1775,46.5396,-20.36,86,67,10.27,broken clouds
657,Izumo,JP,35.3667,132.7667,42.8,87,75,23.02,broken clouds
658,Kushima,JP,31.4583,131.2333,50.0,62,40,10.36,scattered clouds
659,San Andres,CO,12.5847,-81.7006,80.53,74,50,14.09,scattered clouds
